jmn/ijwvqc1f1q2ksh6xjjmk,,,no_match,no,https://res.cloudinary.com/dc52qrj3q/image/upload/v1764573387/jmn/ijwvqc1f1q2ksh6xjjmk.jpg,https://res.cloudinary.com/delltphln/image/upload/v1764748644/jmn/jmn/ijwvqc1f1q2ksh6xjjmk.jpg
jmn/rsjfir2kqgyqyyvlnpzf,,,no_match,no,https://res.cloudinary.com/dc52qrj3q/image/upload/v1764573375/jmn/rsjfir2kqgyqyyvlnpzf.jpg,https://res.cloudinary.com/delltphln/image/upload/v1764748644/jmn/jmn/rsjfir2kqgyqyyvlnpzf.jpg
jmn/fzxvwofgnuz4cgsqfdyi,,,no_match,no,https://res.cloudinary.com/dc52qrj3q/image/upload/v1764573397/jmn/fzxvwofgnuz4cgsqfdyi.jpg,https://res.cloudinary.com/delltphln/image/upload/v1764748644/jmn/jmn/fzxvwofgnuz4cgsqfdyi.jpg
jmn/em1zzpuknexxtlhmwygy,,68398281cd2e20c6ef4e61c3,image_partial,yes,https://res.cloudinary.com/dc52qrj3q/image/upload/v1764573334/jmn/em1zzpuknexxtlhmwygy.jpg,https://res.cloudinary.com/delltphln/image/upload/v1764748644/jmn/jmn/em1zzpuknexxtlhmwygy.jpg
jmn/ka7aoiq4jyobkkcztj6e,,67da6db2e8fb9e3cf4ee87b7,image_partial,yes,https://res.cloudinary.com/dc52qrj3q/image/upload/v1764699848/jmn/ka7aoiq4jyobkkcztj6e.jpg,https://res.cloudinary.com/delltphln/image/upload/v1764748644/jmn/jmn/ka7aoiq4jyobkkcztj6e.jpg
jmn/ghhhk0ybi4rordjhtkfd,,,no_match,no,https://res.cloudinary.com/dc52qrj3q/image/upload/v1764573175/jmn/ghhhk0ybi4rordjhtkfd.jpg,https://res.cloudinary.com/delltphln/image/upload/v1764748645/jmn/jmn/ghhhk0ybi4rordjhtkfd.jpg
jmn/b2b8tdb2u48t1qnmwfnj,,,no_match,no,https://res.cloudinary.com/dc52qrj3q/image/upload/v1764573130/jmn/b2b8tdb2u48t1qnmwfnj.jpg,https://res.cloudinary.com/delltphln/image/upload/v1764748645/jmn/jmn/b2b8tdb2u48t1qnmwfnj.jpg
jmn/pmbwvphelt4hchx1khxt,,,no_match,no,https://res.cloudinary.com/dc52qrj3q/image/upload/v1764573072/jmn/pmbwvphelt4hchx1khxt.jpg,https://res.cloudinary.com/delltphln/image/upload/v1764748645/jmn/jmn/pmbwvphelt4hchx1khxt.jpg
jmn/e7spyi12qy1qzhgy39d4,,,no_match,no,https://res.cloudinary.com/dc52qrj3q/image/upload/v1764573229/jmn/e7spyi12qy1qzhgy39d4.jpg,https://res.cloudinary.com/delltphln/image/upload/v1764748645/jmn/jmn/e7spyi12qy1qzhgy39d4.jpg
jmn/hzmnwft7ncnacjo74me0,,,no_match,no,https://res.cloudinary.com/dc52qrj3q/image/upload/v1764573014/jmn/hzmnwft7ncnacjo74me0.jpg,https://res.cloudinary.com/delltphln/image/upload/v1764748645/jmn/jmn/hzmnwft7ncnacjo74me0.jpg
jmn/novjuqc9u2mo0dxialq0,,,no_match,no,https://res.cloudinary.com/dc52qrj3q/image/upload/v1764571853/jmn/novjuqc9u2mo0dxialq0.jpg,https://res.cloudinary.com/delltphln/image/upload/v1764748646/jmn/jmn/novjuqc9u2mo0dxialq0.jpg
jmn/zv4trdqnxiog8rj9rsmt,,,no_match,no,https://res.cloudinary.com/dc52qrj3q/image/upload/v1764396076/jmn/zv4trdqnxiog8rj9rsmt.jpg,https://res.cloudinary.com/delltphln/image/upload/v1764748646/jmn/jmn/zv4trdqnxiog8rj9rsmt.jpg
jmn/xyiqrhq2qt4aisclmrdg,,,no_match,no,https://res.cloudinary.com/dc52qrj3q/image/upload/v1763371394/jmn/xyiqrhq2qt4aisclmrdg.jpg,https://res.cloudinary.com/delltphln/image/upload/v1764748647/jmn/jmn/xyiqrhq2qt4aisclmrdg.jpg
jmn/jwsddsfas5owabdshwbp,,,no_match,no,https://res.cloudinary.com/dc52qrj3q/image/upload/v1763482895/jmn/jwsddsfas5owabdshwbp.jpg,https://res.cloudinary.com/delltphln/image/upload/v1764748647/jmn/jmn/jwsddsfas5owabdshwbp.jpg
jmn/ooflrooer9ytkj7c6xtw,,,no_match,no,https://res.cloudinary.com/dc52qrj3q/image/upload/v1763443657/jmn/ooflrooer9ytkj7c6xtw.jpg,https://res.cloudinary.com/delltphln/image/upload/v1764748647/jmn/jmn/ooflrooer9ytkj7c6xtw.jpg
jmn/hfydtjywcosgop9oex4y,,,no_match,no,https://res.cloudinary.com/dc52qrj3q/image/upload/v1763371135/jmn/hfydtjywcosgop9oex4y.jpg,https://res.cloudinary.com/delltphln/image/upload/v1764748647/jmn/jmn/hfydtjywcosgop9oex4y.jpg
jmn/modopflxbhtgldyqpfax,,,no_match,no,https://res.cloudinary.com/dc52qrj3q/image/upload/v1763043767/jmn/modopflxbhtgldyqpfax.jpg,https://res.cloudinary.com/delltphln/image/upload/v1764748647/jmn/jmn/modopflxbhtgldyqpfax.jpg
jmn/lgu00owals5kjg3axhql,,,no_match,no,https://res.cloudinary.com/dc52qrj3q/image/upload/v1763021292/jmn/lgu00owals5kjg3axhql.jpg,https://res.cloudinary.com/delltphln/image/upload/v1764748648/jmn/jmn/lgu00owals5kjg3axhql.jpg
jmn/csnitsbqxwlgbcxigqw9,,,no_match,no,https://res.cloudinary.com/dc52qrj3q/image/upload/v1763273236/jmn/csnitsbqxwlgbcxigqw9.jpg,https://res.cloudinary.com/delltphln/image/upload/v1764748647/jmn/jmn/csnitsbqxwlgbcxigqw9.jpg
jmn/tipeoddoj24ywvvvewjh,,,no_match,no,https://res.cloudinary.com/dc52qrj3q/image/upload/v1762837340/jmn/tipeoddoj24ywvvvewjh.jpg,https://res.cloudinary.com/delltphln/image/upload/v1764748666/jmn/jmn/tipeoddoj24ywvvvewjh.jpg
jmn/o4itj0qq7umfgl6k1lat,,,no_match,no,https://res.cloudinary.com/dc52qrj3q/image/upload/v1762597930/jmn/o4itj0qq7umfgl6k1lat.jpg,https://res.cloudinary.com/delltphln/image/upload/v1764748666/jmn/jmn/o4itj0qq7umfgl6k1lat.jpg
jmn/tuzeadjwdkkygoottp4d,,,no_match,no,https://res.cloudinary.com/dc52qrj3q/image/upload/v1761987151/jmn/tuzeadjwdkkygoottp4d.jpg,https://res.cloudinary.com/delltphln/image/upload/v1764748666/jmn/jmn/tuzeadjwdkkygoottp4d.jpg
jmn/nrsczfhaafaze8vm4qpr,,,no_match,no,https://res.cloudinary.com/dc52qrj3q/image/upload/v1761973529/jmn/nrsczfhaafaze8vm4qpr.jpg,https://res.cloudinary.com/delltphln/image/upload/v1764748667/jmn/jmn/nrsczfhaafaze8vm4qpr.jpg
jmn/omxufhhfu6iugzbymzm6,,,no_match,no,https://res.cloudinary.com/dc52qrj3q/image/upload/v1761844976/jmn/omxufhhfu6iugzbymzm6.jpg,https://res.cloudinary.com/delltphln/image/upload/v1764748667/jmn/jmn/omxufhhfu6iugzbymzm6.jpg
jmn/sx2m34vnxtuhrwajvl8g,,,no_match,no,https://res.cloudinary.com/dc52qrj3q/image/upload/v1762493980/jmn/sx2m34vnxtuhrwajvl8g.jpg,https://res.cloudinary.com/delltphln/image/upload/v1764748666/jmn/jmn/sx2m34vnxtuhrwajvl8g.jpg
jmn/tzeyxlcthby54veobqq2,,,no_match,no,https://res.cloudinary.com/dc52qrj3q/image/upload/v1761738310/jmn/tzeyxlcthby54veobqq2.jpg,https://res.cloudinary.com/delltphln/image/upload/v1764748667/jmn/jmn/tzeyxlcthby54veobqq2.jpg
jmn/hwfercm8fjjdgixkq5ho,,,no_match,no,https://res.cloudinary.com/dc52qrj3q/image/upload/v1761839074/jmn/hwfercm8fjjdgixkq5ho.jpg,https://res.cloudinary.com/delltphln/image/upload/v1764748667/jmn/jmn/hwfercm8fjjdgixkq5ho.jpg
jmn/krpcjobortfy295bgaqh,,683a966a9777f72004c15515,image_partial,yes,https://res.cloudinary.com/dc52qrj3q/image/upload/v1764573301/jmn/krpcjobortfy295bgaqh.jpg,https://res.cloudinary.com/delltphln/image/upload/v1764748644/jmn/jmn/krpcjobortfy295bgaqh.jpg
jmn/eibn8l3yr5iqedvfzrto,,,no_match,no,https://res.cloudinary.com/dc52qrj3q/image/upload/v1761554531/jmn/eibn8l3yr5iqedvfzrto.jpg,https://res.cloudinary.com/delltphln/image/upload/v1764748668/jmn/jmn/eibn8l3yr5iqedvfzrto.jpg
jmn/czzhrnlzlx2fimsdirwg,,,no_match,no,https://res.cloudinary.com/dc52qrj3q/image/upload/v1761640362/jmn/czzhrnlzlx2fimsdirwg.jpg,https://res.cloudinary.com/delltphln/image/upload/v1764748668/jmn/jmn/czzhrnlzlx2fimsdirwg.jpg
jmn/bsxrbqujmiia9vdpxjjh,,,no_match,no,https://res.cloudinary.com/dc52qrj3q/image/upload/v1761373583/jmn/bsxrbqujmiia9vdpxjjh.jpg,https://res.cloudinary.com/delltphln/image/upload/v1764748668/jmn/jmn/bsxrbqujmiia9vdpxjjh.jpg
jmn/el0ijuchy9fz18w2koqb,,,no_match,no,https://res.cloudinary.com/dc52qrj3q/image/upload/v1761106234/jmn/el0ijuchy9fz18w2koqb.jpg,https://res.cloudinary.com/delltphln/image/upload/v1764748668/jmn/jmn/el0ijuchy9fz18w2koqb.jpg
jmn/jiacduftdyfsntqp78sj,,,no_match,no,https://res.cloudinary.com/dc52qrj3q/image/upload/v1760089107/jmn/jiacduftdyfsntqp78sj.jpg,https://res.cloudinary.com/delltphln/image/upload/v1764748668/jmn/jmn/jiacduftdyfsntqp78sj.jpg
jmn/hplsrufqty5nlc2j7r9b,,,no_match,no,https://res.cloudinary.com/dc52qrj3q/image/upload/v1759645840/jmn/hplsrufqty5nlc2j7r9b.jpg,https://res.cloudinary.com/delltphln/image/upload/v1764748669/jmn/jmn/hplsrufqty5nlc2j7r9b.jpg
jmn/kbzg0rezksy7f6wbr5j3,,,no_match,no,https://res.cloudinary.com/dc52qrj3q/image/upload/v1759472946/jmn/kbzg0rezksy7f6wbr5j3.jpg,https://res.cloudinary.com/delltphln/image/upload/v1764748669/jmn/jmn/kbzg0rezksy7f6wbr5j3.jpg
jmn/pcmjyahfdlpzoeenygby,,,no_match,no,https://res.cloudinary.com/dc52qrj3q/image/upload/v1759486513/jmn/pcmjyahfdlpzoeenygby.jpg,https://res.cloudinary.com/delltphln/image/upload/v1764748669/jmn/jmn/pcmjyahfdlpzoeenygby.jpg
jmn/apkcry9ldyvzlrk8wdko,,,no_match,no,https://res.cloudinary.com/dc52qrj3q/image/upload/v1759550505/jmn/apkcry9ldyvzlrk8wdko.jpg,https://res.cloudinary.com/delltphln/image/upload/v1764748669/jmn/jmn/apkcry9ldyvzlrk8wdko.jpg
jmn/qonybtpyvo9dhdph0pqf,,,no_match,no,https://res.cloudinary.com/dc52qrj3q/image/upload/v1759352639/jmn/qonybtpyvo9dhdph0pqf.jpg,https://res.cloudinary.com/delltphln/image/upload/v1764748670/jmn/jmn/qonybtpyvo9dhdph0pqf.jpg
jmn/b3vbfopmqvhvrm2hgqtc,,,no_match,no,https://res.cloudinary.com/dc52qrj3q/image/upload/v1759812324/jmn/b3vbfopmqvhvrm2hgqtc.jpg,https://res.cloudinary.com/delltphln/image/upload/v1764748668/jmn/jmn/b3vbfopmqvhvrm2hgqtc.jpg
jmn/id2zhwjiziri8glx91ct,,,no_match,no,https://res.cloudinary.com/dc52qrj3q/image/upload/v1758882973/jmn/id2zhwjiziri8glx91ct.jpg,https://res.cloudinary.com/delltphln/image/upload/v1764748670/jmn/jmn/id2zhwjiziri8glx91ct.jpg
jmn/eegowhkuenkggaloisai,,,no_match,no,https://res.cloudinary.com/dc52qrj3q/image/upload/v1758879659/jmn/eegowhkuenkggaloisai.jpg,https://res.cloudinary.com/delltphln/image/upload/v1764748670/jmn/jmn/eegowhkuenkggaloisai.jpg
jmn/jg0ilddgydq2qpq29dy4,,,no_match,no,https://res.cloudinary.com/dc52qrj3q/image/upload/v1758648180/jmn/jg0ilddgydq2qpq29dy4.jpg,https://res.cloudinary.com/delltphln/image/upload/v1764748671/jmn/jmn/jg0ilddgydq2qpq29dy4.jpg
jmn/dmyvibt4ycaohqisnbnq,,,no_match,no,https://res.cloudinary.com/dc52qrj3q/image/upload/v1758607963/jmn/dmyvibt4ycaohqisnbnq.jpg,https://res.cloudinary.com/delltphln/image/upload/v1764748671/jmn/jmn/dmyvibt4ycaohqisnbnq.jpg
jmn/wfhffellsi0fkxlb2ycd,,,no_match,no,https://res.cloudinary.com/dc52qrj3q/image/upload/v1758857923/jmn/wfhffellsi0fkxlb2ycd.jpg,https://res.cloudinary.com/delltphln/image/upload/v1764748670/jmn/jmn/wfhffellsi0fkxlb2ycd.jpg
jmn/msags08mnpcqhafllqqu,,,no_match,no,https://res.cloudinary.com/dc52qrj3q/image/upload/v1759303620/jmn/msags08mnpcqhafllqqu.jpg,https://res.cloudinary.com/delltphln/image/upload/v1764748669/jmn/jmn/msags08mnpcqhafllqqu.jpg
jmn/ajhxm2zxierub1vbdbob,,,no_match,no,https://res.cloudinary.com/dc52qrj3q/image/upload/v1758722721/jmn/ajhxm2zxierub1vbdbob.jpg,https://res.cloudinary.com/delltphln/image/upload/v1764748670/jmn/jmn/ajhxm2zxierub1vbdbob.jpg
jmn/givdee7tujyz9gm2xxwa,,,no_match,no,https://res.cloudinary.com/dc52qrj3q/image/upload/v1758604211/jmn/givdee7tujyz9gm2xxwa.jpg,https://res.cloudinary.com/delltphln/image/upload/v1764748671/jmn/jmn/givdee7tujyz9gm2xxwa.jpg
jmn/jpcnqhiqg05jdfmblwii,,,no_match,no,https://res.cloudinary.com/dc52qrj3q/image/upload/v1757397021/jmn/jpcnqhiqg05jdfmblwii.jpg,https://res.cloudinary.com/delltphln/image/upload/v1764748672/jmn/jmn/jpcnqhiqg05jdfmblwii.jpg
jmn/m3ppxe3zbbcfaq7ls4gs,,,no_match,no,https://res.cloudinary.com/dc52qrj3q/image/upload/v1758550598/jmn/m3ppxe3zbbcfaq7ls4gs.jpg,https://res.cloudinary.com/delltphln/image/upload/v1764748672/jmn/jmn/m3ppxe3zbbcfaq7ls4gs.jpg
jmn/k0xahxgjds4xingyrbgz,,,no_match,no,https://res.cloudinary.com/dc52qrj3q/image/upload/v1756792430/jmn/k0xahxgjds4xingyrbgz.jpg,https://res.cloudinary.com/delltphln/image/upload/v1764748672/jmn/jmn/k0xahxgjds4xingyrbgz.jpg
jmn/stllyij0fwp96mi2dqzq,,,no_match,no,https://res.cloudinary.com/dc52qrj3q/image/upload/v1758554043/jmn/stllyij0fwp96mi2dqzq.jpg,https://res.cloudinary.com/delltphln/image/upload/v1764748671/jmn/jmn/stllyij0fwp96mi2dqzq.jpg
jmn/lmqalezy7jtmkq6oogv9,,,no_match,no,https://res.cloudinary.com/dc52qrj3q/image/upload/v1756792388/jmn/lmqalezy7jtmkq6oogv9.jpg,https://res.cloudinary.com/delltphln/image/upload/v1764748672/jmn/jmn/lmqalezy7jtmkq6oogv9.jpg
jmn/qf2bn6inzelqyaii4uug,,,no_match,no,https://res.cloudinary.com/dc52qrj3q/image/upload/v1755579891/jmn/qf2bn6inzelqyaii4uug.jpg,https://res.cloudinary.com/delltphln/image/upload/v1764748673/jmn/jmn/qf2bn6inzelqyaii4uug.jpg
jmn/n7l9duxmnl4h7muoabhr,,,no_match,no,https://res.cloudinary.com/dc52qrj3q/image/upload/v1756014202/jmn/n7l9duxmnl4h7muoabhr.jpg,https://res.cloudinary.com/delltphln/image/upload/v1764748673/jmn/jmn/n7l9duxmnl4h7muoabhr.jpg
jmn/r8xez4y4hg7rbh5dbqxi,,,no_match,no,https://res.cloudinary.com/dc52qrj3q/image/upload/v1755789597/jmn/r8xez4y4hg7rbh5dbqxi.jpg,https://res.cloudinary.com/delltphln/image/upload/v1764748673/jmn/jmn/r8xez4y4hg7rbh5dbqxi.jpg
jmn/xpyp0pylrm2musdrgcjl,,,no_match,no,https://res.cloudinary.com/dc52qrj3q/image/upload/v1755445032/jmn/xpyp0pylrm2musdrgcjl.jpg,https://res.cloudinary.com/delltphln/image/upload/v1764748673/jmn/jmn/xpyp0pylrm2musdrgcjl.jpg
jmn/qfrpu71mgkzwjqavcwxw,,,no_match,no,https://res.cloudinary.com/dc52qrj3q/image/upload/v1754976158/jmn/qfrpu71mgkzwjqavcwxw.jpg,https://res.cloudinary.com/delltphln/image/upload/v1764748674/jmn/jmn/qfrpu71mgkzwjqavcwxw.jpg
jmn/h4gpydpulh7utcksgltl,,,no_match,no,https://res.cloudinary.com/dc52qrj3q/image/upload/v1756893975/jmn/h4gpydpulh7utcksgltl.jpg,https://res.cloudinary.com/delltphln/image/upload/v1764748672/jmn/jmn/h4gpydpulh7utcksgltl.jpg
jmn/yztimapxr4kqlmskyxb7,,,no_match,no,https://res.cloudinary.com/dc52qrj3q/image/upload/v1758554012/jmn/yztimapxr4kqlmskyxb7.jpg,https://res.cloudinary.com/delltphln/image/upload/v1764748671/jmn/jmn/yztimapxr4kqlmskyxb7.jpg
jmn/xtbfehnq7m8buq0muewo,,,no_match,no,https://res.cloudinary.com/dc52qrj3q/image/upload/v1755342590/jmn/xtbfehnq7m8buq0muewo.jpg,https://res.cloudinary.com/delltphln/image/upload/v1764748673/jmn/jmn/xtbfehnq7m8buq0muewo.jpg
jmn/t7jkctdsrofislrtrx3a,,,no_match,no,https://res.cloudinary.com/dc52qrj3q/image/upload/v1756531337/jmn/t7jkctdsrofislrtrx3a.jpg,https://res.cloudinary.com/delltphln/image/upload/v1764748672/jmn/jmn/t7jkctdsrofislrtrx3a.jpg
jmn/idre9jxrdv65vzvwwxe8,,,no_match,no,https://res.cloudinary.com/dc52qrj3q/image/upload/v1754738201/jmn/idre9jxrdv65vzvwwxe8.jpg,https://res.cloudinary.com/delltphln/image/upload/v1764748674/jmn/jmn/idre9jxrdv65vzvwwxe8.jpg
jmn/mm4zy7ygoyqft35emy1b,,,no_match,no,https://res.cloudinary.com/dc52qrj3q/image/upload/v1754817620/jmn/mm4zy7ygoyqft35emy1b.jpg,https://res.cloudinary.com/delltphln/image/upload/v1764748674/jmn/jmn/mm4zy7ygoyqft35emy1b.jpg
jmn/omjy9mwbptqat95qaxav,,,no_match,no,https://res.cloudinary.com/dc52qrj3q/image/upload/v1754632307/jmn/omjy9mwbptqat95qaxav.jpg,https://res.cloudinary.com/delltphln/image/upload/v1764748675/jmn/jmn/omjy9mwbptqat95qaxav.jpg
jmn/eqlfs9vgab0hkm9kb1b0,,,no_match,no,https://res.cloudinary.com/dc52qrj3q/image/upload/v1753422141/jmn/eqlfs9vgab0hkm9kb1b0.jpg,https://res.cloudinary.com/delltphln/image/upload/v1764748675/jmn/jmn/eqlfs9vgab0hkm9kb1b0.jpg
jmn/smnumatdxibs3bjnzwlm,,,no_match,no,https://res.cloudinary.com/dc52qrj3q/image/upload/v1754738228/jmn/smnumatdxibs3bjnzwlm.jpg,https://res.cloudinary.com/delltphln/image/upload/v1764748674/jmn/jmn/smnumatdxibs3bjnzwlm.jpg
jmn/jkuhnsynrwvohlttnsm0,,,no_match,no,https://res.cloudinary.com/dc52qrj3q/image/upload/v1754898686/jmn/jkuhnsynrwvohlttnsm0.jpg,https://res.cloudinary.com/delltphln/image/upload/v1764748674/jmn/jmn/jkuhnsynrwvohlttnsm0.jpg
jmn/a6po2radfhjuvarnco4z,,,no_match,no,https://res.cloudinary.com/dc52qrj3q/image/upload/v1753420160/jmn/a6po2radfhjuvarnco4z.jpg,https://res.cloudinary.com/delltphln/image/upload/v1764748675/jmn/jmn/a6po2radfhjuvarnco4z.jpg
jmn/dybbuiwd8opynwej5o2r,,,no_match,no,https://res.cloudinary.com/dc52qrj3q/image/upload/v1753422055/jmn/dybbuiwd8opynwej5o2r.jpg,https://res.cloudinary.com/delltphln/image/upload/v1764748675/jmn/jmn/dybbuiwd8opynwej5o2r.jpg
mmes/31_xtoi1a,,,no_match,no,https://res.cloudinary.com/dc52qrj3q/image/upload/v1753174541/mmes/31_xtoi1a.jpg,https://res.cloudinary.com/delltphln/image/upload/v1764771212/mmes/mmes/31_xtoi1a.jpg
mmes/30_pmhqc0,,,no_match,no,https://res.cloudinary.com/dc52qrj3q/image/upload/v1753174524/mmes/30_pmhqc0.jpg,https://res.cloudinary.com/delltphln/image/upload/v1764771213/mmes/mmes/30_pmhqc0.jpg
mmes/29_c2dgxe,,,no_match,no,https://res.cloudinary.com/dc52qrj3q/image/upload/v1753174524/mmes/29_c2dgxe.jpg,https://res.cloudinary.com/delltphln/image/upload/v1764771213/mmes/mmes/29_c2dgxe.jpg
mmes/28_gsgune,,,no_match,no,https://res.cloudinary.com/dc52qrj3q/image/upload/v1753174523/mmes/28_gsgune.jpg,https://res.cloudinary.com/delltphln/image/upload/v1764771214/mmes/mmes/28_gsgune.jpg
mmes/26_wxeaik,,,no_match,no,https://res.cloudinary.com/dc52qrj3q/image/upload/v1753174522/mmes/26_wxeaik.jpg,https://res.cloudinary.com/delltphln/image/upload/v1764771214/mmes/mmes/26_wxeaik.jpg
jmn/jtwpgjybnabcee46jbok,,,no_match,no,https://res.cloudinary.com/dc52qrj3q/image/upload/v1754543823/jmn/jtwpgjybnabcee46jbok.jpg,https://res.cloudinary.com/delltphln/image/upload/v1764748675/jmn/jmn/jtwpgjybnabcee46jbok.jpg
mmes/27_mfun1i,,,no_match,no,https://res.cloudinary.com/dc52qrj3q/image/upload/v1753174522/mmes/27_mfun1i.jpg,https://res.cloudinary.com/delltphln/image/upload/v1764771214/mmes/mmes/27_mfun1i.jpg
mmes/24_rjcpbz,,,no_match,no,https://res.cloudinary.com/dc52qrj3q/image/upload/v1753174521/mmes/24_rjcpbz.jpg,https://res.cloudinary.com/delltphln/image/upload/v1764771215/mmes/mmes/24_rjcpbz.jpg
mmes/25_oxmmkz,,,no_match,no,https://res.cloudinary.com/dc52qrj3q/image/upload/v1753174521/mmes/25_oxmmkz.jpg,https://res.cloudinary.com/delltphln/image/upload/v1764771215/mmes/mmes/25_oxmmkz.jpg
mmes/23_yuuip0,,,no_match,no,https://res.cloudinary.com/dc52qrj3q/image/upload/v1753174520/mmes/23_yuuip0.jpg,https://res.cloudinary.com/delltphln/image/upload/v1764771216/mmes/mmes/23_yuuip0.jpg
mmes/21_rkw2kc,,,no_match,no,https://res.cloudinary.com/dc52qrj3q/image/upload/v1753170291/mmes/21_rkw2kc.jpg,https://res.cloudinary.com/delltphln/image/upload/v1764771216/mmes/mmes/21_rkw2kc.jpg
jmn/u5b7xoktoklslsuvistj,,,no_match,no,https://res.cloudinary.com/dc52qrj3q/image/upload/v1752683751/jmn/u5b7xoktoklslsuvistj.jpg,https://res.cloudinary.com/delltphln/image/upload/v1764748678/jmn/jmn/u5b7xoktoklslsuvistj.jpg
mmes/22_hp8q77,,,no_match,no,https://res.cloudinary.com/dc52qrj3q/image/upload/v1753174520/mmes/22_hp8q77.jpg,https://res.cloudinary.com/delltphln/image/upload/v1764771216/mmes/mmes/22_hp8q77.jpg
jmn/gcarjvkaiwfwtvct7fj9,,,no_match,no,https://res.cloudinary.com/dc52qrj3q/image/upload/v1752477779/jmn/gcarjvkaiwfwtvct7fj9.jpg,https://res.cloudinary.com/delltphln/image/upload/v1764748678/jmn/jmn/gcarjvkaiwfwtvct7fj9.jpg
jmn/m2qlsf4mxhgg26jousct,,,no_match,no,https://res.cloudinary.com/dc52qrj3q/image/upload/v1752466740/jmn/m2qlsf4mxhgg26jousct.jpg,https://res.cloudinary.com/delltphln/image/upload/v1764748678/jmn/jmn/m2qlsf4mxhgg26jousct.jpg
jmn/iaxgluthuszbvoljwe5u,,,no_match,no,https://res.cloudinary.com/dc52qrj3q/image/upload/v1751815252/jmn/iaxgluthuszbvoljwe5u.jpg,https://res.cloudinary.com/delltphln/image/upload/v1764748678/jmn/jmn/iaxgluthuszbvoljwe5u.jpg
jmn/mjmtflptuadlv3xdndb7,,,no_match,no,https://res.cloudinary.com/dc52qrj3q/image/upload/v1751815204/jmn/mjmtflptuadlv3xdndb7.jpg,https://res.cloudinary.com/delltphln/image/upload/v1764748678/jmn/jmn/mjmtflptuadlv3xdndb7.jpg
jmn/ufedvco1h6vlgllgf34h,,,no_match,no,https://res.cloudinary.com/dc52qrj3q/image/upload/v1751815183/jmn/ufedvco1h6vlgllgf34h.jpg,https://res.cloudinary.com/delltphln/image/upload/v1764748678/jmn/jmn/ufedvco1h6vlgllgf34h.jpg
jmn/taadh9gawpoivmnqqa6i,,,no_match,no,https://res.cloudinary.com/dc52qrj3q/image/upload/v1751815135/jmn/taadh9gawpoivmnqqa6i.jpg,https://res.cloudinary.com/delltphln/image/upload/v1764748679/jmn/jmn/taadh9gawpoivmnqqa6i.jpg
jmn/t9o27y2grow00s16gizy,,,no_match,no,https://res.cloudinary.com/dc52qrj3q/image/upload/v1751815049/jmn/t9o27y2grow00s16gizy.jpg,https://res.cloudinary.com/delltphln/image/upload/v1764748679/jmn/jmn/t9o27y2grow00s16gizy.jpg
jmn/ydo9bkyhhqenvsuerzvm,,,no_match,no,https://res.cloudinary.com/dc52qrj3q/image/upload/v1751814484/jmn/ydo9bkyhhqenvsuerzvm.jpg,https://res.cloudinary.com/delltphln/image/upload/v1764748679/jmn/jmn/ydo9bkyhhqenvsuerzvm.jpg
jmn/xt1bq5lgc15bs3wuabqh,,,no_match,no,https://res.cloudinary.com/dc52qrj3q/image/upload/v1751815091/jmn/xt1bq5lgc15bs3wuabqh.jpg,https://res.cloudinary.com/delltphln/image/upload/v1764748679/jmn/jmn/xt1bq5lgc15bs3wuabqh.jpg
jmn/naapt0rorfsjipac6rdz,,,no_match,no,https://res.cloudinary.com/dc52qrj3q/image/upload/v1751713425/jmn/naapt0rorfsjipac6rdz.jpg,https://res.cloudinary.com/delltphln/image/upload/v1764748679/jmn/jmn/naapt0rorfsjipac6rdz.jpg
jmn/kncfaskbhuan7y2yfsec,,,no_match,no,https://res.cloudinary.com/dc52qrj3q/image/upload/v1751265406/jmn/kncfaskbhuan7y2yfsec.jpg,https://res.cloudinary.com/delltphln/image/upload/v1764748680/jmn/jmn/kncfaskbhuan7y2yfsec.jpg
jmn/b2hpsojktehv6vi2xtqh,,,no_match,no,https://res.cloudinary.com/dc52qrj3q/image/upload/v1751126015/jmn/b2hpsojktehv6vi2xtqh.jpg,https://res.cloudinary.com/delltphln/image/upload/v1764748680/jmn/jmn/b2hpsojktehv6vi2xtqh.jpg
jmn/nydquxut73xh7ig2xdil,,,no_match,no,https://res.cloudinary.com/dc52qrj3q/image/upload/v1751692040/jmn/nydquxut73xh7ig2xdil.jpg,https://res.cloudinary.com/delltphln/image/upload/v1764748679/jmn/jmn/nydquxut73xh7ig2xdil.jpg
jmn/gxdcepzj9fagjxrnha35,,,no_match,no,https://res.cloudinary.com/dc52qrj3q/image/upload/v1751042525/jmn/gxdcepzj9fagjxrnha35.jpg,https://res.cloudinary.com/delltphln/image/upload/v1764748680/jmn/jmn/gxdcepzj9fagjxrnha35.jpg
jmn/xal1dgpqaxabxcqocdsy,,,no_match,no,https://res.cloudinary.com/dc52qrj3q/image/upload/v1750932758/jmn/xal1dgpqaxabxcqocdsy.jpg,https://res.cloudinary.com/delltphln/image/upload/v1764748681/jmn/jmn/xal1dgpqaxabxcqocdsy.jpg
jmn/jfs3kvlsewboyjq6dwam,,,no_match,no,https://res.cloudinary.com/dc52qrj3q/image/upload/v1750872725/jmn/jfs3kvlsewboyjq6dwam.jpg,https://res.cloudinary.com/delltphln/image/upload/v1764748681/jmn/jmn/jfs3kvlsewboyjq6dwam.jpg
jmn/oqlevtgoycwclwmshclf,,,no_match,no,https://res.cloudinary.com/dc52qrj3q/image/upload/v1749108611/jmn/oqlevtgoycwclwmshclf.jpg,https://res.cloudinary.com/delltphln/image/upload/v1764748681/jmn/jmn/oqlevtgoycwclwmshclf.jpg
jmn/jgoac4ulxv7vffqtu145,,,no_match,no,https://res.cloudinary.com/dc52qrj3q/image/upload/v1749108592/jmn/jgoac4ulxv7vffqtu145.jpg,https://res.cloudinary.com/delltphln/image/upload/v1764748681/jmn/jmn/jgoac4ulxv7vffqtu145.jpg
jmn/wr6hnjckgllwbgr51bvc,,,no_match,no,https://res.cloudinary.com/dc52qrj3q/image/upload/v1749108297/jmn/wr6hnjckgllwbgr51bvc.jpg,https://res.cloudinary.com/delltphln/image/upload/v1764748682/jmn/jmn/wr6hnjckgllwbgr51bvc.jpg
jmn/snzmfmxiewrlio2ifznh,,,no_match,no,https://res.cloudinary.com/dc52qrj3q/image/upload/v1753422193/jmn/snzmfmxiewrlio2ifznh.jpg,https://res.cloudinary.com/delltphln/image/upload/v1764748675/jmn/jmn/snzmfmxiewrlio2ifznh.jpg
jmn/rslmtm7wplptbem601rl,,,no_match,no,https://res.cloudinary.com/dc52qrj3q/image/upload/v1748670057/jmn/rslmtm7wplptbem601rl.jpg,https://res.cloudinary.com/delltphln/image/upload/v1764748682/jmn/jmn/rslmtm7wplptbem601rl.jpg
jmn/oodqh27ry1y20lt1fvcw,,,no_match,no,https://res.cloudinary.com/dc52qrj3q/image/upload/v1748599424/jmn/oodqh27ry1y20lt1fvcw.jpg,https://res.cloudinary.com/delltphln/image/upload/v1764748682/jmn/jmn/oodqh27ry1y20lt1fvcw.jpg
jmn/lk8pwkft7caxkdazohlr,,,no_match,no,https://res.cloudinary.com/dc52qrj3q/image/upload/v1748595081/jmn/lk8pwkft7caxkdazohlr.jpg,https://res.cloudinary.com/delltphln/image/upload/v1764748682/jmn/jmn/lk8pwkft7caxkdazohlr.jpg
jmn/vs7tyxevakmzmmd2bqhv,,,no_match,no,https://res.cloudinary.com/dc52qrj3q/image/upload/v1748356897/jmn/vs7tyxevakmzmmd2bqhv.jpg,https://res.cloudinary.com/delltphln/image/upload/v1764748682/jmn/jmn/vs7tyxevakmzmmd2bqhv.jpg
mmes/32_sxnobp,,,no_match,no,https://res.cloudinary.com/dc52qrj3q/image/upload/v1753174541/mmes/32_sxnobp.jpg,https://res.cloudinary.com/delltphln/image/upload/v1764771217/mmes/mmes/32_sxnobp.jpg
jmn/npo3l0rdr4lyzvkpt5au,,,no_match,no,https://res.cloudinary.com/dc52qrj3q/image/upload/v1748152013/jmn/npo3l0rdr4lyzvkpt5au.jpg,https://res.cloudinary.com/delltphln/image/upload/v1764748683/jmn/jmn/npo3l0rdr4lyzvkpt5au.jpg
jmn/gwytxtz8ggqunnzqkyrd,,,no_match,no,https://res.cloudinary.com/dc52qrj3q/image/upload/v1747568431/jmn/gwytxtz8ggqunnzqkyrd.jpg,https://res.cloudinary.com/delltphln/image/upload/v1764748683/jmn/jmn/gwytxtz8ggqunnzqkyrd.jpg
jmn/pdpb3crdiva5nk57g9jt,,,no_match,no,https://res.cloudinary.com/dc52qrj3q/image/upload/v1749108600/jmn/pdpb3crdiva5nk57g9jt.jpg,https://res.cloudinary.com/delltphln/image/upload/v1764748681/jmn/jmn/pdpb3crdiva5nk57g9jt.jpg
jmn/dw53y1c9gllnhiiqjqr3,,,no_match,no,https://res.cloudinary.com/dc52qrj3q/image/upload/v1747120634/jmn/dw53y1c9gllnhiiqjqr3.jpg,https://res.cloudinary.com/delltphln/image/upload/v1764748684/jmn/jmn/dw53y1c9gllnhiiqjqr3.jpg
jmn/j1sdcbhsvqcb7shur3k3,,,no_match,no,https://res.cloudinary.com/dc52qrj3q/image/upload/v1747121448/jmn/j1sdcbhsvqcb7shur3k3.jpg,https://res.cloudinary.com/delltphln/image/upload/v1764748683/jmn/jmn/j1sdcbhsvqcb7shur3k3.jpg
jmn/pugakqf01k8akh1pztc5,,,no_match,no,https://res.cloudinary.com/dc52qrj3q/image/upload/v1746177937/jmn/pugakqf01k8akh1pztc5.jpg,https://res.cloudinary.com/delltphln/image/upload/v1764748684/jmn/jmn/pugakqf01k8akh1pztc5.jpg
jmn/reva9tx990xvoa5ss4ys,,,no_match,no,https://res.cloudinary.com/dc52qrj3q/image/upload/v1747735002/jmn/reva9tx990xvoa5ss4ys.jpg,https://res.cloudinary.com/delltphln/image/upload/v1764748683/jmn/jmn/reva9tx990xvoa5ss4ys.jpg
jmn/gc3zcbpx9yvmpi3owh2y,,,no_match,no,https://res.cloudinary.com/dc52qrj3q/image/upload/v1746177870/jmn/gc3zcbpx9yvmpi3owh2y.jpg,https://res.cloudinary.com/delltphln/image/upload/v1764748684/jmn/jmn/gc3zcbpx9yvmpi3owh2y.jpg
jmn/bm8vpsxla2ubowjd2d5f,,,no_match,no,https://res.cloudinary.com/dc52qrj3q/image/upload/v1746177496/jmn/bm8vpsxla2ubowjd2d5f.jpg,https://res.cloudinary.com/delltphln/image/upload/v1764748684/jmn/jmn/bm8vpsxla2ubowjd2d5f.jpg
jmn/vvdoedk4zeqdon55kcgm,,,no_match,no,https://res.cloudinary.com/dc52qrj3q/image/upload/v1755099848/jmn/vvdoedk4zeqdon55kcgm.jpg,https://res.cloudinary.com/delltphln/image/upload/v1764748674/jmn/jmn/vvdoedk4zeqdon55kcgm.jpg
jmn/photo_2F67e69b88e45acbe29c709990_g842mo,,,no_match,no,https://res.cloudinary.com/dc52qrj3q/image/upload/v1744019475/jmn/photo_2F67e69b88e45acbe29c709990_g842mo.jpg,https://res.cloudinary.com/delltphln/image/upload/v1764748684/jmn/jmn/photo_2F67e69b88e45acbe29c709990_g842mo.jpg
jmn/2_tlxgz1.jpg_wtocly,,,no_match,no,https://res.cloudinary.com/dc52qrj3q/image/upload/v1744019367/jmn/2_tlxgz1.jpg_wtocly.jpg,https://res.cloudinary.com/delltphln/image/upload/v1764748685/jmn/jmn/2_tlxgz1.jpg_wtocly.jpg
jmn/photo_2F67f36bcb08eda15c69141af0_skrlb5,,,no_match,no,https://res.cloudinary.com/dc52qrj3q/image/upload/v1744019586/jmn/photo_2F67f36bcb08eda15c69141af0_skrlb5.jpg,https://res.cloudinary.com/delltphln/image/upload/v1764748684/jmn/jmn/photo_2F67f36bcb08eda15c69141af0_skrlb5.jpg
jmn/3_uukat3.jpg_o8ftt2,,,no_match,no,https://res.cloudinary.com/dc52qrj3q/image/upload/v1744019023/jmn/3_uukat3.jpg_o8ftt2.jpg,https://res.cloudinary.com/delltphln/image/upload/v1764748685/jmn/jmn/3_uukat3.jpg_o8ftt2.jpg
jmn/j4zie5rc38zjbqepsrcg,,,no_match,no,https://res.cloudinary.com/dc52qrj3q/image/upload/v1744018232/jmn/j4zie5rc38zjbqepsrcg.jpg,https://res.cloudinary.com/delltphln/image/upload/v1764748685/jmn/jmn/j4zie5rc38zjbqepsrcg.jpg
jmn/photo_2F67e153b559286f0524fd9023_x76jad,,,no_match,no,https://res.cloudinary.com/dc52qrj3q/image/upload/v1744018541/jmn/photo_2F67e153b559286f0524fd9023_x76jad.jpg,https://res.cloudinary.com/delltphln/image/upload/v1764748685/jmn/jmn/photo_2F67e153b559286f0524fd9023_x76jad.jpg
jmn/logsbbb0ehlzmgqi0uji,,,no_match,no,https://res.cloudinary.com/dc52qrj3q/image/upload/v1744009198/jmn/logsbbb0ehlzmgqi0uji.jpg,https://res.cloudinary.com/delltphln/image/upload/v1764748686/jmn/jmn/logsbbb0ehlzmgqi0uji.jpg
jmn/th7ngorkwob5tmk8hbut,,,no_match,no,https://res.cloudinary.com/dc52qrj3q/image/upload/v1744008993/jmn/th7ngorkwob5tmk8hbut.jpg,https://res.cloudinary.com/delltphln/image/upload/v1764748686/jmn/jmn/th7ngorkwob5tmk8hbut.jpg
jmn/u89jxtokzqh29dmyuyrr,,,no_match,no,https://res.cloudinary.com/dc52qrj3q/image/upload/v1744008982/jmn/u89jxtokzqh29dmyuyrr.jpg,https://res.cloudinary.com/delltphln/image/upload/v1764748686/jmn/jmn/u89jxtokzqh29dmyuyrr.jpg
jmn/czlblzojbx1mnzj3vzg0,,,no_match,no,https://res.cloudinary.com/dc52qrj3q/image/upload/v1744008970/jmn/czlblzojbx1mnzj3vzg0.jpg,https://res.cloudinary.com/delltphln/image/upload/v1764748686/jmn/jmn/czlblzojbx1mnzj3vzg0.jpg
jmn/ut48qt982yvwcgzvscta,,,no_match,no,https://res.cloudinary.com/dc52qrj3q/image/upload/v1744008957/jmn/ut48qt982yvwcgzvscta.jpg,https://res.cloudinary.com/delltphln/image/upload/v1764748686/jmn/jmn/ut48qt982yvwcgzvscta.jpg
jmn/mqgxpzfki0duigxjk1tp,,,no_match,no,https://res.cloudinary.com/dc52qrj3q/image/upload/v1744008944/jmn/mqgxpzfki0duigxjk1tp.jpg,https://res.cloudinary.com/delltphln/image/upload/v1764748686/jmn/jmn/mqgxpzfki0duigxjk1tp.jpg
jmn/eh07ytcid7ceht30zfxu,,,no_match,no,https://res.cloudinary.com/dc52qrj3q/image/upload/v1744008931/jmn/eh07ytcid7ceht30zfxu.jpg,https://res.cloudinary.com/delltphln/image/upload/v1764748687/jmn/jmn/eh07ytcid7ceht30zfxu.jpg
jmn/vlfusyucuwdo4sosnnb8,,,no_match,no,https://res.cloudinary.com/dc52qrj3q/image/upload/v1744008919/jmn/vlfusyucuwdo4sosnnb8.jpg,https://res.cloudinary.com/delltphln/image/upload/v1764748687/jmn/jmn/vlfusyucuwdo4sosnnb8.jpg
jmn/mpelsm5jag7nxrcfthzf,,,no_match,no,https://res.cloudinary.com/dc52qrj3q/image/upload/v1744008908/jmn/mpelsm5jag7nxrcfthzf.jpg,https://res.cloudinary.com/delltphln/image/upload/v1764748687/jmn/jmn/mpelsm5jag7nxrcfthzf.jpg
jmn/ecyol0q30wwmhvw0kdjz,,,no_match,no,https://res.cloudinary.com/dc52qrj3q/image/upload/v1744008835/jmn/ecyol0q30wwmhvw0kdjz.jpg,https://res.cloudinary.com/delltphln/image/upload/v1764748687/jmn/jmn/ecyol0q30wwmhvw0kdjz.jpg
jmn/ocuiufo5kweyaj0kdamb,,,no_match,no,https://res.cloudinary.com/dc52qrj3q/image/upload/v1744008894/jmn/ocuiufo5kweyaj0kdamb.jpg,https://res.cloudinary.com/delltphln/image/upload/v1764748687/jmn/jmn/ocuiufo5kweyaj0kdamb.jpg
jmn/zedw4iyrdozvx9scffar,,,no_match,no,https://res.cloudinary.com/dc52qrj3q/image/upload/v1744007297/jmn/zedw4iyrdozvx9scffar.jpg,https://res.cloudinary.com/delltphln/image/upload/v1764748688/jmn/jmn/zedw4iyrdozvx9scffar.jpg
jmn/gfpg6p9mw9i8rn94huvn,,,no_match,no,https://res.cloudinary.com/dc52qrj3q/image/upload/v1744007274/jmn/gfpg6p9mw9i8rn94huvn.jpg,https://res.cloudinary.com/delltphln/image/upload/v1764748688/jmn/jmn/gfpg6p9mw9i8rn94huvn.jpg
jmn/eqj0uubov4llerndhps9,,,no_match,no,https://res.cloudinary.com/dc52qrj3q/image/upload/v1744008875/jmn/eqj0uubov4llerndhps9.jpg,https://res.cloudinary.com/delltphln/image/upload/v1764748687/jmn/jmn/eqj0uubov4llerndhps9.jpg
jmn/b3qvh5cvsdpylwg7oijl,,,no_match,no,https://res.cloudinary.com/dc52qrj3q/image/upload/v1744007216/jmn/b3qvh5cvsdpylwg7oijl.jpg,https://res.cloudinary.com/delltphln/image/upload/v1764748688/jmn/jmn/b3qvh5cvsdpylwg7oijl.jpg
jmn/dbqkk5idehouc6ludwhv,,,no_match,no,https://res.cloudinary.com/dc52qrj3q/image/upload/v1744007262/jmn/dbqkk5idehouc6ludwhv.jpg,https://res.cloudinary.com/delltphln/image/upload/v1764748688/jmn/jmn/dbqkk5idehouc6ludwhv.jpg
jmn/wkxhqyv06ahfkv7wusg7,,,no_match,no,https://res.cloudinary.com/dc52qrj3q/image/upload/v1744006773/jmn/wkxhqyv06ahfkv7wusg7.jpg,https://res.cloudinary.com/delltphln/image/upload/v1764748688/jmn/jmn/wkxhqyv06ahfkv7wusg7.jpg
jmn/qszk3gt1xzvzjzrkaqyn,,,no_match,no,https://res.cloudinary.com/dc52qrj3q/image/upload/v1744008709/jmn/qszk3gt1xzvzjzrkaqyn.jpg,https://res.cloudinary.com/delltphln/image/upload/v1764748688/jmn/jmn/qszk3gt1xzvzjzrkaqyn.jpg
jmn/n3lx0gdr7bjay9oyzxoj,,,no_match,no,https://res.cloudinary.com/dc52qrj3q/image/upload/v1744006692/jmn/n3lx0gdr7bjay9oyzxoj.jpg,https://res.cloudinary.com/delltphln/image/upload/v1764748689/jmn/jmn/n3lx0gdr7bjay9oyzxoj.jpg
3_uukat3,,,no_match,no,https://res.cloudinary.com/dc52qrj3q/image/upload/v1742475204/3_uukat3.jpg,https://res.cloudinary.com/delltphln/image/upload/v1764771226/3_uukat3.jpg
2_tlxgz1,,,no_match,no,https://res.cloudinary.com/dc52qrj3q/image/upload/v1742475113/2_tlxgz1.jpg,https://res.cloudinary.com/delltphln/image/upload/v1764771226/2_tlxgz1.jpg
1_sfxtgq,,,no_match,no,https://res.cloudinary.com/dc52qrj3q/image/upload/v1742475015/1_sfxtgq.jpg,https://res.cloudinary.com/delltphln/image/upload/v1764771226/1_sfxtgq.jpg
etcHolidays/gzweowgwsgdklf3zd3td,,,no_match,no,https://res.cloudinary.com/dc52qrj3q/image/upload/v1732668759/etcHolidays/gzweowgwsgdklf3zd3td.jpg,https://res.cloudinary.com/delltphln/image/upload/v1764771226/etcHolidays/etcHolidays/gzweowgwsgdklf3zd3td.jpg
etcHolidays/zzypxdanraewm5fyvg3a,,,no_match,no,https://res.cloudinary.com/dc52qrj3q/image/upload/v1734548854/etcHolidays/zzypxdanraewm5fyvg3a.jpg,https://res.cloudinary.com/delltphln/image/upload/v1764771226/etcHolidays/etcHolidays/zzypxdanraewm5fyvg3a.jpg
etcHolidays/kim0t06s4iib80qt4r6k,,,no_match,no,https://res.cloudinary.com/dc52qrj3q/image/upload/v1732668758/etcHolidays/kim0t06s4iib80qt4r6k.jpg,https://res.cloudinary.com/delltphln/image/upload/v1764771226/etcHolidays/etcHolidays/kim0t06s4iib80qt4r6k.jpg
etcHolidays/x4xhhjmbezulmr73uts4,,,no_match,no,https://res.cloudinary.com/dc52qrj3q/image/upload/v1730835770/etcHolidays/x4xhhjmbezulmr73uts4.jpg,https://res.cloudinary.com/delltphln/image/upload/v1764771227/etcHolidays/etcHolidays/x4xhhjmbezulmr73uts4.jpg
etcHolidays/zy0jrd525ahr1fwvk6jc,,,no_match,no,https://res.cloudinary.com/dc52qrj3q/image/upload/v1730835769/etcHolidays/zy0jrd525ahr1fwvk6jc.jpg,https://res.cloudinary.com/delltphln/image/upload/v1764771227/etcHolidays/etcHolidays/zy0jrd525ahr1fwvk6jc.jpg
etcHolidays/zay3eyx9knpjjcffbf6i,,,no_match,no,https://res.cloudinary.com/dc52qrj3q/image/upload/v1730827752/etcHolidays/zay3eyx9knpjjcffbf6i.jpg,https://res.cloudinary.com/delltphln/image/upload/v1764771227/etcHolidays/etcHolidays/zay3eyx9knpjjcffbf6i.jpg
etcHolidays/b43yrabneltkjfukv5jy,,,no_match,no,https://res.cloudinary.com/dc52qrj3q/image/upload/v1730827754/etcHolidays/b43yrabneltkjfukv5jy.jpg,https://res.cloudinary.com/delltphln/image/upload/v1764771227/etcHolidays/etcHolidays/b43yrabneltkjfukv5jy.jpg
etcHolidays/kw9xcb2wm3opqjqwmnea,,,no_match,no,https://res.cloudinary.com/dc52qrj3q/image/upload/v1730827753/etcHolidays/kw9xcb2wm3opqjqwmnea.jpg,https://res.cloudinary.com/delltphln/image/upload/v1764771228/etcHolidays/etcHolidays/kw9xcb2wm3opqjqwmnea.jpg
etcHolidays/mt46vh5i6ufq8bsxqiql,,,no_match,no,https://res.cloudinary.com/dc52qrj3q/image/upload/v1732668759/etcHolidays/mt46vh5i6ufq8bsxqiql.jpg,https://res.cloudinary.com/delltphln/image/upload/v1764771227/etcHolidays/etcHolidays/mt46vh5i6ufq8bsxqiql.jpg
etcHolidays/vdvm5i00gutg3h2ispib,,,no_match,no,https://res.cloudinary.com/dc52qrj3q/image/upload/v1730827369/etcHolidays/vdvm5i00gutg3h2ispib.jpg,https://res.cloudinary.com/delltphln/image/upload/v1764771228/etcHolidays/etcHolidays/vdvm5i00gutg3h2ispib.jpg
etcHolidays/mwplcyvvhhph1bbgfzix,,,no_match,no,https://res.cloudinary.com/dc52qrj3q/image/upload/v1730810854/etcHolidays/mwplcyvvhhph1bbgfzix.jpg,https://res.cloudinary.com/delltphln/image/upload/v1764771229/etcHolidays/etcHolidays/mwplcyvvhhph1bbgfzix.jpg
etcHolidays/cb924g83jqfhpxbj3btn,,,no_match,no,https://res.cloudinary.com/dc52qrj3q/image/upload/v1730810854/etcHolidays/cb924g83jqfhpxbj3btn.jpg,https://res.cloudinary.com/delltphln/image/upload/v1764771229/etcHolidays/etcHolidays/cb924g83jqfhpxbj3btn.jpg
etcHolidays/dhnegd8hxutdcplizipp,,,no_match,no,https://res.cloudinary.com/dc52qrj3q/image/upload/v1730835770/etcHolidays/dhnegd8hxutdcplizipp.jpg,https://res.cloudinary.com/delltphln/image/upload/v1764771227/etcHolidays/etcHolidays/dhnegd8hxutdcplizipp.jpg
etcHolidays/yehiyqsmdysjlhrljms8,,,no_match,no,https://res.cloudinary.com/dc52qrj3q/image/upload/v1730736801/etcHolidays/yehiyqsmdysjlhrljms8.jpg,https://res.cloudinary.com/delltphln/image/upload/v1764771239/etcHolidays/etcHolidays/yehiyqsmdysjlhrljms8.jpg
etcHolidays/osz3olons6o3yepr0gxq,,,no_match,no,https://res.cloudinary.com/dc52qrj3q/image/upload/v1730736801/etcHolidays/osz3olons6o3yepr0gxq.jpg,https://res.cloudinary.com/delltphln/image/upload/v1764771240/etcHolidays/etcHolidays/osz3olons6o3yepr0gxq.jpg
etcHolidays/w2nxfnxirfpyo7jcbbk5,,,no_match,no,https://res.cloudinary.com/dc52qrj3q/image/upload/v1730685787/etcHolidays/w2nxfnxirfpyo7jcbbk5.png,https://res.cloudinary.com/delltphln/image/upload/v1764771240/etcHolidays/etcHolidays/w2nxfnxirfpyo7jcbbk5.png
etcHolidays/gojbayumeoms7ebijjfb,,,no_match,no,https://res.cloudinary.com/dc52qrj3q/image/upload/v1730810852/etcHolidays/gojbayumeoms7ebijjfb.jpg,https://res.cloudinary.com/delltphln/image/upload/v1764771240/etcHolidays/etcHolidays/gojbayumeoms7ebijjfb.jpg
etcHolidays/bvryjlbobrlisranglpv,,,no_match,no,https://res.cloudinary.com/dc52qrj3q/image/upload/v1730683890/etcHolidays/bvryjlbobrlisranglpv.jpg,https://res.cloudinary.com/delltphln/image/upload/v1764771242/etcHolidays/etcHolidays/bvryjlbobrlisranglpv.jpg
etcHolidays/he8v6hteun9rxzwyhe1c,,,no_match,no,https://res.cloudinary.com/dc52qrj3q/image/upload/v1730683890/etcHolidays/he8v6hteun9rxzwyhe1c.webp,https://res.cloudinary.com/delltphln/image/upload/v1764771243/etcHolidays/etcHolidays/he8v6hteun9rxzwyhe1c.webp
etcHolidays/kbabvaaw918ttvbqtdol,,,no_match,no,https://res.cloudinary.com/dc52qrj3q/image/upload/v1730682068/etcHolidays/kbabvaaw918ttvbqtdol.jpg,https://res.cloudinary.com/delltphln/image/upload/v1764771243/etcHolidays/etcHolidays/kbabvaaw918ttvbqtdol.jpg
etcHolidays/dlmp4yhtc1ube0qckrtc,,,no_match,no,https://res.cloudinary.com/dc52qrj3q/image/upload/v1730683891/etcHolidays/dlmp4yhtc1ube0qckrtc.jpg,https://res.cloudinary.com/delltphln/image/upload/v1764771242/etcHolidays/etcHolidays/dlmp4yhtc1ube0qckrtc.jpg
etcHolidays/p4jfdaghaz9jd3lk7s2u,,,no_match,no,https://res.cloudinary.com/dc52qrj3q/image/upload/v1730682066/etcHolidays/p4jfdaghaz9jd3lk7s2u.jpg,https://res.cloudinary.com/delltphln/image/upload/v1764771245/etcHolidays/etcHolidays/p4jfdaghaz9jd3lk7s2u.jpg
etcHolidays/eycku0q8bhiiz1ygoddm,,,no_match,no,https://res.cloudinary.com/dc52qrj3q/image/upload/v1730682067/etcHolidays/eycku0q8bhiiz1ygoddm.jpg,https://res.cloudinary.com/delltphln/image/upload/v1764771244/etcHolidays/etcHolidays/eycku0q8bhiiz1ygoddm.jpg
etcHolidays/rezu60hrvrrieddzubbi,,,no_match,no,https://res.cloudinary.com/dc52qrj3q/image/upload/v1730685788/etcHolidays/rezu60hrvrrieddzubbi.webp,https://res.cloudinary.com/delltphln/image/upload/v1764771245/etcHolidays/etcHolidays/rezu60hrvrrieddzubbi.webp
etcHolidays/c2ufz66jm6pvde2m6erj,,,no_match,no,https://res.cloudinary.com/dc52qrj3q/image/upload/v1730641576/etcHolidays/c2ufz66jm6pvde2m6erj.jpg,https://res.cloudinary.com/delltphln/image/upload/v1764771246/etcHolidays/etcHolidays/c2ufz66jm6pvde2m6erj.jpg
etcHolidays/crqewsghujqis7kwr6fe,,,no_match,no,https://res.cloudinary.com/dc52qrj3q/image/upload/v1730682067/etcHolidays/crqewsghujqis7kwr6fe.jpg,https://res.cloudinary.com/delltphln/image/upload/v1764771245/etcHolidays/etcHolidays/crqewsghujqis7kwr6fe.jpg
etcHolidays/nf1qdel4iwuqxkinnm2j,,,no_match,no,https://res.cloudinary.com/dc52qrj3q/image/upload/v1730685788/etcHolidays/nf1qdel4iwuqxkinnm2j.jpg,https://res.cloudinary.com/delltphln/image/upload/v1764771242/etcHolidays/etcHolidays/nf1qdel4iwuqxkinnm2j.jpg
etcHolidays/ikhbtnozllbisjwy0m8s,,,no_match,no,https://res.cloudinary.com/dc52qrj3q/image/upload/v1730641577/etcHolidays/ikhbtnozllbisjwy0m8s.jpg,https://res.cloudinary.com/delltphln/image/upload/v1764771246/etcHolidays/etcHolidays/ikhbtnozllbisjwy0m8s.jpg
etcHolidays/v7d9hbsqn72wbbfekkrc,,,no_match,no,https://res.cloudinary.com/dc52qrj3q/image/upload/v1730641576/etcHolidays/v7d9hbsqn72wbbfekkrc.jpg,https://res.cloudinary.com/delltphln/image/upload/v1764771246/etcHolidays/etcHolidays/v7d9hbsqn72wbbfekkrc.jpg
etcHolidays/lngkitwaqyczbuwc6sur,,,no_match,no,https://res.cloudinary.com/dc52qrj3q/image/upload/v1730810853/etcHolidays/lngkitwaqyczbuwc6sur.jpg,https://res.cloudinary.com/delltphln/image/upload/v1764771229/etcHolidays/etcHolidays/lngkitwaqyczbuwc6sur.jpg
etcHolidays/rhxasmblutcrkmpzetxl,,,no_match,no,https://res.cloudinary.com/dc52qrj3q/image/upload/v1730487044/etcHolidays/rhxasmblutcrkmpzetxl.jpg,https://res.cloudinary.com/delltphln/image/upload/v1764771247/etcHolidays/etcHolidays/rhxasmblutcrkmpzetxl.jpg
etcHolidays/wanglwtmo40qeaxi0sos,,,no_match,no,https://res.cloudinary.com/dc52qrj3q/image/upload/v1730487045/etcHolidays/wanglwtmo40qeaxi0sos.jpg,https://res.cloudinary.com/delltphln/image/upload/v1764771247/etcHolidays/etcHolidays/wanglwtmo40qeaxi0sos.jpg
etcHolidays/fvzjz0y7hsuygfueapb0,,,no_match,no,https://res.cloudinary.com/dc52qrj3q/image/upload/v1730487043/etcHolidays/fvzjz0y7hsuygfueapb0.jpg,https://res.cloudinary.com/delltphln/image/upload/v1764771247/etcHolidays/etcHolidays/fvzjz0y7hsuygfueapb0.jpg
etcHolidays/yaieqrlc8nrroebhhldv,,,no_match,no,https://res.cloudinary.com/dc52qrj3q/image/upload/v1728454417/etcHolidays/yaieqrlc8nrroebhhldv.jpg,https://res.cloudinary.com/delltphln/image/upload/v1764771248/etcHolidays/etcHolidays/yaieqrlc8nrroebhhldv.jpg
etcHolidays/bscpuzxhhcvpove8dcdb,,,no_match,no,https://res.cloudinary.com/dc52qrj3q/image/upload/v1728452779/etcHolidays/bscpuzxhhcvpove8dcdb.jpg,https://res.cloudinary.com/delltphln/image/upload/v1764771248/etcHolidays/etcHolidays/bscpuzxhhcvpove8dcdb.jpg
etcHolidays/bitm1bv87dqepns1ehwq,,,no_match,no,https://res.cloudinary.com/dc52qrj3q/image/upload/v1728452779/etcHolidays/bitm1bv87dqepns1ehwq.jpg,https://res.cloudinary.com/delltphln/image/upload/v1764771248/etcHolidays/etcHolidays/bitm1bv87dqepns1ehwq.jpg
etcHolidays/qqzltqsdsxqdsxlcpgkx,,,no_match,no,https://res.cloudinary.com/dc52qrj3q/image/upload/v1728452508/etcHolidays/qqzltqsdsxqdsxlcpgkx.jpg,https://res.cloudinary.com/delltphln/image/upload/v1764771248/etcHolidays/etcHolidays/qqzltqsdsxqdsxlcpgkx.jpg
etcHolidays/bu75qss73glpxasll3bs,,,no_match,no,https://res.cloudinary.com/dc52qrj3q/image/upload/v1728454418/etcHolidays/bu75qss73glpxasll3bs.jpg,https://res.cloudinary.com/delltphln/image/upload/v1764771247/etcHolidays/etcHolidays/bu75qss73glpxasll3bs.jpg
etcHolidays/ki1fcpj88lzlsdmo6mzu,,,no_match,no,https://res.cloudinary.com/dc52qrj3q/image/upload/v1728385920/etcHolidays/ki1fcpj88lzlsdmo6mzu.jpg,https://res.cloudinary.com/delltphln/image/upload/v1764771248/etcHolidays/etcHolidays/ki1fcpj88lzlsdmo6mzu.jpg
etcHolidays/q6qo5sywxfwnk99tqprq,,,no_match,no,https://res.cloudinary.com/dc52qrj3q/image/upload/v1728385919/etcHolidays/q6qo5sywxfwnk99tqprq.jpg,https://res.cloudinary.com/delltphln/image/upload/v1764771249/etcHolidays/etcHolidays/q6qo5sywxfwnk99tqprq.jpg
etcHolidays/euzro8p2nc5roqpzjpb6,,,no_match,no,https://res.cloudinary.com/dc52qrj3q/image/upload/v1728362483/etcHolidays/euzro8p2nc5roqpzjpb6.jpg,https://res.cloudinary.com/delltphln/image/upload/v1764771249/etcHolidays/etcHolidays/euzro8p2nc5roqpzjpb6.jpg
etcHolidays/gzfmclkeawhtqbjwtinu,,,no_match,no,https://res.cloudinary.com/dc52qrj3q/image/upload/v1728362236/etcHolidays/gzfmclkeawhtqbjwtinu.jpg,https://res.cloudinary.com/delltphln/image/upload/v1764771249/etcHolidays/etcHolidays/gzfmclkeawhtqbjwtinu.jpg
etcHolidays/pblcxm82oiobjhopiyui,,,no_match,no,https://res.cloudinary.com/dc52qrj3q/image/upload/v1728361950/etcHolidays/pblcxm82oiobjhopiyui.jpg,https://res.cloudinary.com/delltphln/image/upload/v1764771249/etcHolidays/etcHolidays/pblcxm82oiobjhopiyui.jpg
etcHolidays/zido7hc5cqwpuri1oawf,,,no_match,no,https://res.cloudinary.com/dc52qrj3q/image/upload/v1728300468/etcHolidays/zido7hc5cqwpuri1oawf.jpg,https://res.cloudinary.com/delltphln/image/upload/v1764771250/etcHolidays/etcHolidays/zido7hc5cqwpuri1oawf.jpg
etcHolidays/x3h2fzkaznuqa08eqcix,,,no_match,no,https://res.cloudinary.com/dc52qrj3q/image/upload/v1728300481/etcHolidays/x3h2fzkaznuqa08eqcix.jpg,https://res.cloudinary.com/delltphln/image/upload/v1764771250/etcHolidays/etcHolidays/x3h2fzkaznuqa08eqcix.jpg
etcHolidays/ujkrnqtjhnvjskbzu7my,,,no_match,no,https://res.cloudinary.com/dc52qrj3q/image/upload/v1730487044/etcHolidays/ujkrnqtjhnvjskbzu7my.jpg,https://res.cloudinary.com/delltphln/image/upload/v1764771248/etcHolidays/etcHolidays/ujkrnqtjhnvjskbzu7my.jpg
etcHolidays/tw7yjd1olwlw9cw3pkw8,,,no_match,no,https://res.cloudinary.com/dc52qrj3q/image/upload/v1727256431/etcHolidays/tw7yjd1olwlw9cw3pkw8.jpg,https://res.cloudinary.com/delltphln/image/upload/v1764771250/etcHolidays/etcHolidays/tw7yjd1olwlw9cw3pkw8.jpg
etcHolidays/rilqany1zqczchur7dpt,,,no_match,no,https://res.cloudinary.com/dc52qrj3q/image/upload/v1727256330/etcHolidays/rilqany1zqczchur7dpt.jpg,https://res.cloudinary.com/delltphln/image/upload/v1764771251/etcHolidays/etcHolidays/rilqany1zqczchur7dpt.jpg
etcHolidays/k9cyxjpe5ellyqd4oum5,,,no_match,no,https://res.cloudinary.com/dc52qrj3q/image/upload/v1726840110/etcHolidays/k9cyxjpe5ellyqd4oum5.jpg,https://res.cloudinary.com/delltphln/image/upload/v1764771251/etcHolidays/etcHolidays/k9cyxjpe5ellyqd4oum5.jpg
medium_580_e7ea89e9c6,,,no_match,no,https://res.cloudinary.com/dc52qrj3q/image/upload/v1674984598/medium_580_e7ea89e9c6.jpg,https://res.cloudinary.com/delltphln/image/upload/v1764771251/medium_580_e7ea89e9c6.jpg
small_580_e7ea89e9c6,,,no_match,no,https://res.cloudinary.com/dc52qrj3q/image/upload/v1674984598/small_580_e7ea89e9c6.jpg,https://res.cloudinary.com/delltphln/image/upload/v1764771252/small_580_e7ea89e9c6.jpg
580_e7ea89e9c6,,,no_match,no,https://res.cloudinary.com/dc52qrj3q/image/upload/v1674984597/580_e7ea89e9c6.jpg,https://res.cloudinary.com/delltphln/image/upload/v1764771252/580_e7ea89e9c6.jpg
large_580_e7ea89e9c6,,,no_match,no,https://res.cloudinary.com/dc52qrj3q/image/upload/v1674984598/large_580_e7ea89e9c6.jpg,https://res.cloudinary.com/delltphln/image/upload/v1764771252/large_580_e7ea89e9c6.jpg
thumbnail_580_e7ea89e9c6,,,no_match,no,https://res.cloudinary.com/dc52qrj3q/image/upload/v1674984596/thumbnail_580_e7ea89e9c6.jpg,https://res.cloudinary.com/delltphln/image/upload/v1764771253/thumbnail_580_e7ea89e9c6.jpg
large_Chat_GPT_Everything_You_Need_To_Know_About_AI_Bot_6c521e5bc4,,,no_match,no,https://res.cloudinary.com/dc52qrj3q/image/upload/v1674481631/large_Chat_GPT_Everything_You_Need_To_Know_About_AI_Bot_6c521e5bc4.jpg,https://res.cloudinary.com/delltphln/image/upload/v1764771253/large_Chat_GPT_Everything_You_Need_To_Know_About_AI_Bot_6c521e5bc4.jpg
small_Chat_GPT_Everything_You_Need_To_Know_About_AI_Bot_6c521e5bc4,,,no_match,no,https://res.cloudinary.com/dc52qrj3q/image/upload/v1674481631/small_Chat_GPT_Everything_You_Need_To_Know_About_AI_Bot_6c521e5bc4.jpg,https://res.cloudinary.com/delltphln/image/upload/v1764771253/small_Chat_GPT_Everything_You_Need_To_Know_About_AI_Bot_6c521e5bc4.jpg
medium_Chat_GPT_Everything_You_Need_To_Know_About_AI_Bot_6c521e5bc4,,,no_match,no,https://res.cloudinary.com/dc52qrj3q/image/upload/v1674481631/medium_Chat_GPT_Everything_You_Need_To_Know_About_AI_Bot_6c521e5bc4.jpg,https://res.cloudinary.com/delltphln/image/upload/v1764771254/medium_Chat_GPT_Everything_You_Need_To_Know_About_AI_Bot_6c521e5bc4.jpg
thumbnail_Chat_GPT_Everything_You_Need_To_Know_About_AI_Bot_6c521e5bc4,,,no_match,no,https://res.cloudinary.com/dc52qrj3q/image/upload/v1674481629/thumbnail_Chat_GPT_Everything_You_Need_To_Know_About_AI_Bot_6c521e5bc4.jpg,https://res.cloudinary.com/delltphln/image/upload/v1764771254/thumbnail_Chat_GPT_Everything_You_Need_To_Know_About_AI_Bot_6c521e5bc4.jpg
Chat_GPT_Everything_You_Need_To_Know_About_AI_Bot_6c521e5bc4,,,no_match,no,https://res.cloudinary.com/dc52qrj3q/image/upload/v1674481629/Chat_GPT_Everything_You_Need_To_Know_About_AI_Bot_6c521e5bc4.jpg,https://res.cloudinary.com/delltphln/image/upload/v1764771254/Chat_GPT_Everything_You_Need_To_Know_About_AI_Bot_6c521e5bc4.jpg
etcHolidays/lbwbnwafyenegvdb8iw5,,,no_match,no,https://res.cloudinary.com/dc52qrj3q/image/upload/v1727182188/etcHolidays/lbwbnwafyenegvdb8iw5.jpg,https://res.cloudinary.com/delltphln/image/upload/v1764771252/etcHolidays/etcHolidays/lbwbnwafyenegvdb8iw5.jpg
etcHolidays/s7mux6gj5zddbjdqyh0j,,,no_match,no,https://res.cloudinary.com/dc52qrj3q/image/upload/v1726840118/etcHolidays/s7mux6gj5zddbjdqyh0j.jpg,https://res.cloudinary.com/delltphln/image/upload/v1764771252/etcHolidays/etcHolidays/s7mux6gj5zddbjdqyh0j.jpg
large_a_bug_is_becoming_a_meme_on_the_internet_afe40956c2,,,no_match,no,https://res.cloudinary.com/dc52qrj3q/image/upload/v1674136640/large_a_bug_is_becoming_a_meme_on_the_internet_afe40956c2.jpg,https://res.cloudinary.com/delltphln/image/upload/v1764771255/large_a_bug_is_becoming_a_meme_on_the_internet_afe40956c2.jpg
medium_a_bug_is_becoming_a_meme_on_the_internet_afe40956c2,,,no_match,no,https://res.cloudinary.com/dc52qrj3q/image/upload/v1674136639/medium_a_bug_is_becoming_a_meme_on_the_internet_afe40956c2.jpg,https://res.cloudinary.com/delltphln/image/upload/v1764771255/medium_a_bug_is_becoming_a_meme_on_the_internet_afe40956c2.jpg
small_a_bug_is_becoming_a_meme_on_the_internet_afe40956c2,,,no_match,no,https://res.cloudinary.com/dc52qrj3q/image/upload/v1674136639/small_a_bug_is_becoming_a_meme_on_the_internet_afe40956c2.jpg,https://res.cloudinary.com/delltphln/image/upload/v1764771255/small_a_bug_is_becoming_a_meme_on_the_internet_afe40956c2.jpg
medium_levi_meir_clancy_Y2o_E2u_NL_Srs_unsplash_cbd603969d,,,no_match,no,https://res.cloudinary.com/dc52qrj3q/image/upload/v1638172819/medium_levi_meir_clancy_Y2o_E2u_NL_Srs_unsplash_cbd603969d.jpg,https://res.cloudinary.com/delltphln/image/upload/v1764771255/medium_levi_meir_clancy_Y2o_E2u_NL_Srs_unsplash_cbd603969d.jpg
thumbnail_a_bug_is_becoming_a_meme_on_the_internet_afe40956c2,,,no_match,no,https://res.cloudinary.com/dc52qrj3q/image/upload/v1674136638/thumbnail_a_bug_is_becoming_a_meme_on_the_internet_afe40956c2.jpg,https://res.cloudinary.com/delltphln/image/upload/v1764771255/thumbnail_a_bug_is_becoming_a_meme_on_the_internet_afe40956c2.jpg
large_levi_meir_clancy_Y2o_E2u_NL_Srs_unsplash_cbd603969d,,,no_match,no,https://res.cloudinary.com/dc52qrj3q/image/upload/v1638172819/large_levi_meir_clancy_Y2o_E2u_NL_Srs_unsplash_cbd603969d.jpg,https://res.cloudinary.com/delltphln/image/upload/v1764771256/large_levi_meir_clancy_Y2o_E2u_NL_Srs_unsplash_cbd603969d.jpg
thumbnail_levi_meir_clancy_Y2o_E2u_NL_Srs_unsplash_cbd603969d,,,no_match,no,https://res.cloudinary.com/dc52qrj3q/image/upload/v1638172819/thumbnail_levi_meir_clancy_Y2o_E2u_NL_Srs_unsplash_cbd603969d.jpg,https://res.cloudinary.com/delltphln/image/upload/v1764771256/thumbnail_levi_meir_clancy_Y2o_E2u_NL_Srs_unsplash_cbd603969d.jpg
small_levi_meir_clancy_Y2o_E2u_NL_Srs_unsplash_cbd603969d,,,no_match,no,https://res.cloudinary.com/dc52qrj3q/image/upload/v1638172820/small_levi_meir_clancy_Y2o_E2u_NL_Srs_unsplash_cbd603969d.jpg,https://res.cloudinary.com/delltphln/image/upload/v1764771256/small_levi_meir_clancy_Y2o_E2u_NL_Srs_unsplash_cbd603969d.jpg
levi_meir_clancy_Y2o_E2u_NL_Srs_unsplash_cbd603969d,,,no_match,no,https://res.cloudinary.com/dc52qrj3q/image/upload/v1638172818/levi_meir_clancy_Y2o_E2u_NL_Srs_unsplash_cbd603969d.jpg,https://res.cloudinary.com/delltphln/image/upload/v1764771256/levi_meir_clancy_Y2o_E2u_NL_Srs_unsplash_cbd603969d.jpg
etcHolidays/toz11g9pjo3dgrytk943,,,no_match,no,https://res.cloudinary.com/dc52qrj3q/image/upload/v1727256433/etcHolidays/toz11g9pjo3dgrytk943.jpg,https://res.cloudinary.com/delltphln/image/upload/v1764771253/etcHolidays/etcHolidays/toz11g9pjo3dgrytk943.jpg