doc_id,fields_changed,notes
67da6db2e8fb9e3cf4ee87b7,"image",preview
67db03adc87849dbe5eb9d2a,"image",preview
67db06b824812c23dcb61d49,"image",preview
67db0c0451898200c5d1f782,"image",preview
67dbf61f2565029e2762a031,"image",preview
67dc02cb6ce68e9176a0d52e,"image",preview
67dfac50de6d5575c3c4c9d7,"",no_change
67e153b559286f0524fd9023,"image",preview
67e69b88e45acbe29c709990,"image",preview
67f36bcb08eda15c69141af0,"image",preview
67f39b39d61a3170828690f4,"image",preview
68148dd90c1bc122983ec99f,"image",preview
6822f1fbbd4976a919b15697,"image",preview
6829c73004ef3c2c79166781,"image",preview
682c51dbf0df6e15a29cc282,"image",preview
6832aecfae390105bb249949,"image",preview
6835cf22623def46868d9fcb,"image",preview
6839718a0edc9de12813ae89,"image",preview
68398281cd2e20c6ef4e61c3,"image",preview
683a966a9777f72004c15515,"image",preview
6841464986f752821f580522,"image",preview
685c3296a519b77a2177dc80,"image",preview
685d1d17f72e3d2e97228971,"image",preview
685ec9de145fa90e087f840e,"image",preview
686010005eefd460f9f6185b,"image",preview
6862307f6a8185c57fea0e70,"image",preview
6868b309f1956189c9669c43,"image",preview
68690692609de5a948620363,"image",preview
686a9155c6846e5ebfa29159,"image",preview
6874b054e28fb6af2a6cca60,"image",preview
6883118235acc06bf6107dcf,"image",preview
689436d032fab86c3992d850,"image",preview
68959074f14f261e31d0671c,"image",preview
6898645417d3d73713013963,"image",preview
6899a0ff68c84df8eef6b521,"image",preview
689acf9ff94ea1942142810e,"image",preview
689cb2c9345d6d9c64f6c69c,"image",preview
68a06700289aad91ec6eda5a,"image",preview
68a1f7292cb6f0c82b536d3e,"image",preview
68a405f5fe5a860e9f08dd87,"image",preview
68a7391ef430554059111f31,"image",preview
68aaa67b1dc7d668e996eeca,"image",preview
68b28a8ae12faf4283581cc8,"image",preview
68b68645380d131a085ce7c4,"image",preview
68b6866f380d131a085ce7c8,"image",preview
68b81318813f25160751b15a,"image",preview
68bfc01e52ec9adddc1751b1,"image",preview
68d15a4701cb8f9c4e0f4738,"image",preview
68d1679c5f959b965f1f58fb,"image",preview
68d167bc5f959b965f1f58fe,"image",preview
68d22bb4553ba0a073afb1ea,"image",preview
68d23a5dd1174777ed9a584c,"image",preview
68d2d775a2012e793fc97991,"image",preview
68d3faa36bdcee54f8f746e9,"image",preview
68d60ac444a425b38888dc3f,"image",preview
68d65facb8206e4f046b31fb,"image",preview
68d66c9df53bbdd670f9b446,"image",preview
68dcd7c54bec3f12a8097c70,"image",preview
68dd9741b20e189fb8ec22fe,"image",preview
68df6d3310232c04436dbf3e,"image",preview
68dfa233b94500413e06e8d4,"image",preview
68e09c2addcc325f8c7614ae,"image",preview
68e21090a5e5aa5500eb514c,"image",preview
68e49ae6108d2d8ee9baabc2,"image",preview
68e8d4144b5db7ae62c481fd,"image",preview
68f8593be8b612b3cfd56ead,"image",preview
68fc6d9043781c27c1b491ac,"image",preview
68ff3065537d6519d66367cd,"image",preview
69007fabe6b8b64b68b7452b,"image",preview
6901fe47192fce23a99923a4,"image",preview
690387e4f0304262f9dc92da,"image",preview
69039ef1d9bb9877be6f49a5,"image",preview
6905951b4293ff9e1c632f4d,"image",preview
6905ca516db793f5c3afdb41,"image",preview
690d861e61736fcb4ce1d4cd,"image",preview
690f1c2cf74dabac4c7eadfd,"image",preview
6912c35e3074d13a2d4a2f23,"image",preview
691591ed7f5f564721c2104d,"image",preview
6915e9b9da86fbcc838c6d52,"image",preview
69196a1584d4a44bade4252a,"image",preview
691ae8806b1e6bec25b7c9b3,"image",preview
691ae9836b1e6bec25b7c9ba,"image",preview
691c03cadfb23e3a1729e0c7,"image",preview
691c9d10fc85275df7eff925,"image",preview
692a8c2ec9e2574cb555a92e,"image",preview
692f2ec6945a40ed4f3c0bac,"image",preview
